{
  "$schema": "https://json.schemastore.org/nest-cli",
  "collection": "@nestjs/schematics",
  "sourceRoot": "apps/microweb2/src",
  "compilerOptions": {
    "deleteOutDir": true,
    "webpack": true,
    "tsConfigPath": "apps/microweb2/tsconfig.app.json"
  },
  "monorepo": true,
  "root": "apps/microweb2",
  "projects": {
    "microweb2": {
      "type": "application",
      "root": "apps/microweb2",
      "entryFile": "main",
      "sourceRoot": "apps/microweb2/src",
      "compilerOptions": {
        "tsConfigPath": "apps/microweb2/tsconfig.app.json"
      }
    },
    "micapp": {
      "type": "application",
      "root": "apps/micapp",
      "entryFile": "main",
      "sourceRoot": "apps/micapp/src",
      "compilerOptions": {
        "tsConfigPath": "apps/micapp/tsconfig.app.json"
      }
    }
  }
}